Region,"local authority: 
district / unitary",Employed Individuals,Remote Workers,"Underground, metro, light rail, tram",Train,"Bus, minibus or coach","Motorcycle, scooter or moped",Car / Van,Car / Van passengers,Taxi,Bicycle,On foot,Other method of travel,Year
North East,County Durham,227894,20652,323,1865,13732,1038,146644,17362,1401,2205,21490,1182,2011
North East,Darlington,49014,4180,33,828,3380,191,28981,3337,403,1151,6284,246,2011
North East,Gateshead,91877,6383,4270,705,13909,364,50236,5830,453,1314,7966,447,2011
North East,Hartlepool,37767,2473,33,469,2556,175,22863,3157,673,706,4305,357,2011
North East,Middlesbrough,54547,3337,44,698,4868,195,31155,4639,902,1375,6769,565,2011
North East,Newcastle upon Tyne,119335,8430,6304,1381,21728,345,54165,6706,1037,3223,15302,714,2011
North East,North Tyneside,96026,6997,8523,1385,8606,471,52543,5951,748,2345,7559,898,2011
North East,Northumberland,146901,17894,659,1852,7593,682,90566,9283,523,2074,14632,1143,2011
North East,Redcar and Cleveland,56354,4034,43,1175,3314,255,36281,3976,388,875,5335,678,2011
North East,South Tyneside,64622,3875,5681,1090,6194,341,35011,3774,303,1396,5749,1208,2011
North East,Stockton-on-Tees,87122,6376,97,1115,5023,410,57793,6014,593,1693,7101,907,2011
North East,Sunderland,121511,7705,2762,894,15151,520,70607,9356,740,1588,11310,878,2011
North West,Allerdale,46076,6025,22,374,1730,228,27790,3415,106,694,5496,196,2011
North West,Barrow-in-Furness,31257,2009,33,515,1593,542,16727,2277,426,1620,5302,213,2011
North West,Blackburn with Darwen,60523,4930,42,956,3240,315,36700,4916,1097,592,7460,275,2011
North West,Blackpool,61419,6173,40,512,5174,551,32816,4578,565,1916,8705,389,2011
North West,Bolton,123367,10086,274,4384,8200,792,76681,8189,1537,1261,11435,528,2011
North West,Burnley,38133,2941,20,238,3170,212,23316,2991,316,397,4375,157,2011
North West,Bury,88036,7689,4234,523,5671,455,55361,4819,690,1176,7094,324,2011
North West,Carlisle,53874,5464,30,304,3691,294,30673,3377,174,1390,8245,232,2011
North West,Cheshire East,181136,23337,254,4971,3267,1169,116931,8993,504,4666,16282,762,2011
North West,Cheshire West and Chester,160138,17178,257,3114,5477,1001,103898,8767,783,4200,14669,794,2011
North West,Chorley,53702,5827,34,1261,1575,375,36378,2941,135,761,4227,188,2011
North West,Copeland,32891,2782,18,519,1532,272,20877,3086,152,554,2958,141,2011
North West,Eden,27461,5771,20,206,578,86,15360,1311,67,326,3601,135,2011
North West,Fylde,34510,4055,32,416,1339,235,22153,1690,139,959,3325,167,2011
North West,Halton,57577,3696,38,1081,3787,351,37640,3988,321,1191,5221,263,2011
North West,Hyndburn,35993,2860,9,325,2247,239,23076,2576,360,398,3751,152,2011
North West,Knowsley,61691,3531,162,3448,6806,275,34717,4682,1195,962,5569,344,2011
North West,Lancaster,62832,6644,53,1252,3707,533,34942,3810,341,2497,8706,347,2011
North West,Liverpool,196630,12180,1081,9707,38027,780,91570,11587,2574,3970,23991,1163,2011
North West,Manchester,213705,15288,2841,5663,46652,841,91871,9828,1810,8426,29347,1138,2011
North West,Oldham,96300,7349,121,1115,10269,489,57766,7097,971,993,9622,508,2011
North West,Pendle,39324,3370,19,287,2092,185,24451,2868,353,498,5019,182,2011
North West,Preston,64180,5038,44,865,7148,418,35956,4324,345,1449,8299,294,2011
North West,Ribble Valley,28713,4070,26,304,593,160,19098,1303,47,380,2635,97,2011
North West,Rochdale,90753,7076,181,1804,7904,465,55947,6383,1493,910,8172,418,2011
North West,Rossendale,32808,3292,25,164,1872,218,22313,1938,130,236,2478,142,2011
North West,Salford,106904,7987,2205,1953,11786,612,57767,6601,1154,2491,13850,498,2011
North West,Sefton,121919,10137,512,8871,8404,599,69071,7262,1530,3176,11561,796,2011
North West,South Lakeland,51672,9125,34,696,933,268,28423,2558,171,1361,7843,260,2011
North West,South Ribble,55761,4691,32,797,2697,467,38169,3165,143,1587,3838,175,2011
North West,St. Helens,78580,5347,33,2355,4862,491,51899,5352,621,1092,6231,297,2011
North West,Stockport,137130,13362,220,6781,10988,754,84858,5839,412,2756,10637,523,2011
North West,Tameside,101892,7651,173,3470,11143,675,61044,5893,543,1401,9519,380,2011
North West,Trafford,110912,11166,5490,1511,7479,495,66954,5030,560,3393,8338,496,2011
North West,Warrington,100856,9336,142,2068,4946,677,67670,5650,368,2577,7038,384,2011
North West,West Lancashire,51694,5648,94,1678,1451,276,33181,3102,571,857,4568,268,2011
North West,Wigan,149908,10864,78,3274,8516,1137,99323,9757,755,2354,13301,549,2011
North West,Wirral,139929,11602,1355,8249,9929,1273,83682,8351,907,2275,11193,1113,2011
North West,Wyre,48558,5406,45,548,1994,404,31480,2916,229,1340,3820,376,2011
Yorkshire and The Humber,Barnsley,103579,7945,115,2037,6467,823,67465,7487,455,712,9700,373,2011
Yorkshire and The Humber,Bradford,218937,19312,261,10909,19595,1027,124104,15300,2502,1681,23175,1071,2011
Yorkshire and The Humber,Calderdale,96645,9506,80,3139,8075,605,57705,6044,498,877,9763,353,2011
Yorkshire and The Humber,Craven,27600,4595,25,926,591,120,15703,1299,55,331,3799,156,2011
Yorkshire and The Humber,Doncaster,133815,11055,114,2827,9961,816,82346,9972,774,3227,12214,509,2011
Yorkshire and The Humber,East Riding of Yorkshire,158757,18942,103,2206,4428,1182,101115,8579,472,5819,14774,1137,2011
Yorkshire and The Humber,Hambleton,45255,7270,37,550,676,193,27312,2079,80,1196,5612,250,2011
Yorkshire and The Humber,Harrogate,81402,12145,118,1903,3053,436,47030,3936,204,1723,10465,389,2011
Yorkshire and The Humber,"Kingston upon Hull, City of",110903,5676,51,642,14317,1313,56712,8631,1111,8944,12705,801,2011
Yorkshire and The Humber,Kirklees,192397,17716,151,5281,14890,1256,118836,12264,1672,1791,17802,738,2011
Yorkshire and The Humber,Leeds,355225,29647,454,11440,49589,1740,190643,21056,3047,6237,40140,1232,2011
Yorkshire and The Humber,North East Lincolnshire,70776,4574,51,312,4251,645,43237,4972,523,3817,7841,553,2011
Yorkshire and The Humber,North Lincolnshire,78101,6841,33,348,1858,779,52473,5166,193,2959,7041,410,2011
Yorkshire and The Humber,Richmondshire,27795,4910,29,400,522,128,15097,1364,90,447,4215,593,2011
Yorkshire and The Humber,Rotherham,114871,8748,450,1232,9759,674,75360,8132,619,987,8542,368,2011
Yorkshire and The Humber,Ryedale,25504,5114,24,254,407,171,14442,1296,40,764,2834,158,2011
Yorkshire and The Humber,Scarborough,48359,6450,35,549,2090,367,24373,3098,222,1079,9706,390,2011
Yorkshire and The Humber,Selby,43286,5133,28,1104,1318,305,28833,2267,62,1032,3060,144,2011
Yorkshire and The Humber,Sheffield,244318,18553,8186,3956,34061,1348,128899,13464,1147,4267,29288,1149,2011
Yorkshire and The Humber,Wakefield,151828,11373,116,3964,10513,967,95373,11418,1356,1869,14373,506,2011
Yorkshire and The Humber,York,98721,9297,96,2406,7039,947,45123,4463,377,11106,17457,410,2011
East Midlands,Amber Valley,59381,5697,67,664,2375,577,40210,3346,163,796,5297,189,2011
East Midlands,Ashfield,55336,4177,1144,588,2907,485,35904,3500,213,1109,5056,253,2011
East Midlands,Bassetlaw,52814,5525,35,583,1228,374,34984,3546,145,1320,4873,201,2011
East Midlands,Blaby,48276,4795,30,357,2468,354,33359,2465,102,1306,2894,146,2011
East Midlands,Bolsover,34511,2855,59,247,1614,287,23758,2397,111,272,2780,131,2011
East Midlands,Boston,30807,2831,12,92,632,239,18492,3471,119,1976,2783,160,2011
East Midlands,Broxtowe,53185,4688,369,755,4974,453,32280,2483,114,2220,4672,177,2011
East Midlands,Charnwood,79572,7925,84,1179,3892,588,50738,3910,122,2969,7930,235,2011
East Midlands,Chesterfield,47901,3755,39,684,3788,358,30089,3164,349,515,4996,164,2011
East Midlands,Corby,30688,1860,24,284,1834,179,19068,3380,397,857,2651,154,2011
East Midlands,Daventry,39536,5753,40,695,533,202,26698,1873,73,532,3015,122,2011
East Midlands,Derby,112422,7829,83,1196,9978,970,65944,7128,893,4158,13755,488,2011
East Midlands,Derbyshire Dales,35005,6390,42,418,772,204,21520,1620,48,357,3454,180,2011
East Midlands,East Lindsey,56311,8626,64,134,1032,390,33997,2662,181,2019,6846,360,2011
East Midlands,East Northamptonshire,43417,5196,38,674,600,303,30016,2242,98,548,3575,127,2011
East Midlands,Erewash,54851,4621,55,768,3791,628,35070,2847,143,1866,4896,166,2011
East Midlands,Gedling,55598,5150,193,362,7516,425,33686,2724,178,1043,4107,214,2011
East Midlands,Harborough,44079,6408,56,814,870,252,29182,1791,57,886,3595,168,2011
East Midlands,High Peak,45618,5494,57,2590,1200,276,27146,2113,151,612,5774,205,2011
East Midlands,Hinckley and Bosworth,53774,5814,35,402,1578,416,37230,2788,100,1212,4022,177,2011
East Midlands,Kettering,46918,4541,30,803,1267,283,31112,2910,92,846,4885,149,2011
East Midlands,Leicester,137494,9392,227,1550,18203,676,67886,10824,714,4980,22303,739,2011
East Midlands,Lincoln,44599,3088,38,341,2402,484,23405,3302,259,2640,8441,199,2011
East Midlands,Mansfield,48361,3613,59,394,2821,351,32005,3711,274,668,4284,181,2011
East Midlands,Melton,26184,3489,17,372,638,178,16576,1331,39,570,2878,96,2011
East Midlands,Newark and Sherwood,54555,6943,71,810,1380,376,34537,2944,79,2103,5099,213,2011
East Midlands,North East Derbyshire,46858,4680,306,459,2683,335,32339,2748,112,326,2709,161,2011
East Midlands,North Kesteven,52428,5933,50,638,1427,464,34910,2533,103,2008,4084,278,2011
East Midlands,North West Leicestershire,46291,4979,18,202,1039,420,32714,2423,104,759,3449,184,2011
East Midlands,Northampton,106792,8457,100,1739,7286,534,66252,7702,535,2732,11052,403,2011
East Midlands,Nottingham,123218,8856,2495,1315,24275,763,54020,6530,950,4257,19064,693,2011
East Midlands,Oadby and Wigston,26399,2187,43,273,2145,162,16953,1534,77,794,2142,89,2011
East Midlands,Rushcliffe,55346,7416,90,602,4690,254,34541,2244,82,1627,3624,176,2011
East Midlands,Rutland,18037,3011,29,303,196,101,10502,721,20,606,2478,70,2011
East Midlands,South Derbyshire,47886,5083,34,367,1313,478,34283,2447,163,754,2798,166,2011
East Midlands,South Holland,41490,4954,31,364,621,242,27726,2714,68,1711,2899,160,2011
East Midlands,South Kesteven,66532,7971,73,1223,1383,430,42163,3602,254,1878,7297,258,2011
East Midlands,South Northamptonshire,45740,6786,49,971,743,263,31638,2042,50,470,2592,136,2011
East Midlands,Wellingborough,36363,3324,34,719,849,195,24287,2684,297,527,3270,177,2011
East Midlands,West Lindsey,41968,5681,32,289,694,306,28141,2129,73,860,3518,245,2011
West Midlands,Birmingham,423691,32837,1327,19222,71361,1938,223632,22116,2791,6458,40042,1967,2011
West Midlands,Bromsgrove,46251,5759,38,1868,1067,237,31754,2013,113,471,2798,133,2011
West Midlands,Cannock Chase,47476,3753,20,801,1471,367,33305,3215,167,635,3611,131,2011
West Midlands,Coventry,137560,10043,130,2864,14912,843,77965,10766,708,3594,15042,693,2011
West Midlands,Dudley,141998,10956,195,4102,10188,1216,94090,8057,422,1723,10645,404,2011
West Midlands,East Staffordshire,54921,5555,34,594,1600,404,34628,3613,419,1738,6142,194,2011
West Midlands,"Herefordshire, County of",90237,15123,85,612,1491,601,52643,4601,250,3223,11062,546,2011
West Midlands,Lichfield,49016,6145,41,1683,1014,237,33212,2450,94,627,3333,180,2011
West Midlands,Malvern Hills,34361,6260,34,663,471,261,21865,1535,55,598,2473,146,2011
West Midlands,Newcastle-under-Lyme,57366,4982,38,465,2618,391,38686,4195,509,668,4646,168,2011
West Midlands,North Warwickshire,31258,3393,17,506,887,243,21842,1837,117,353,1963,100,2011
West Midlands,Nuneaton and Bedworth,60205,4381,32,751,2633,524,40555,4340,200,1268,5307,214,2011
West Midlands,Redditch,42922,3623,26,724,3017,226,28276,2817,194,665,3198,156,2011
West Midlands,Rugby,50485,5216,34,1219,1125,393,32570,3293,160,1505,4809,161,2011
West Midlands,Sandwell,128630,7840,1607,3573,17905,826,73872,8850,719,1996,10936,506,2011
West Midlands,Shropshire,150748,22808,157,1681,2888,893,92220,7598,541,4310,16951,701,2011
West Midlands,Solihull,97941,9989,165,5116,7836,484,62325,4516,321,1341,5516,332,2011
West Midlands,South Staffordshire,53328,5996,110,1259,1686,334,37970,2637,99,552,2507,178,2011
West Midlands,Stafford,64494,7722,39,1231,1758,445,41289,3255,208,1751,6571,225,2011
West Midlands,Staffordshire Moorlands,47591,5919,26,317,1128,253,32815,2631,30,456,3855,161,2011
West Midlands,Stoke-on-Trent,108109,6933,31,753,8467,872,67766,9190,1327,1574,10739,457,2011
West Midlands,Stratford-on-Avon,60765,10191,102,1031,1057,358,38528,2682,92,1260,5272,192,2011
West Midlands,Tamworth,38281,2789,14,798,1412,263,26053,2705,209,826,3074,138,2011
West Midlands,Telford and Wrekin,78372,6331,60,1047,3113,556,52405,6198,849,1644,5840,329,2011
West Midlands,Walsall,112270,8150,396,1530,11286,680,70793,7275,572,1747,9460,381,2011
West Midlands,Warwick,69608,8208,77,2205,2511,393,42674,3277,132,2171,7705,255,2011
West Midlands,Wolverhampton,104284,7229,1562,2819,11692,638,60420,6767,690,2170,9870,427,2011
West Midlands,Worcester,50101,4210,27,891,2235,386,29408,2831,169,2087,7643,214,2011
West Midlands,Wychavon,58268,8527,53,862,902,396,38727,2940,102,1051,4465,243,2011
West Midlands,Wyre Forest,46339,5143,28,1149,844,390,30702,2792,202,781,4121,187,2011
East of England,Babergh,42250,5776,77,1433,915,272,27049,1856,74,820,3783,195,2011
East of England,Basildon,83006,6482,556,13425,2757,578,45388,4515,684,1412,6878,331,2011
East of England,Bedford,75810,7921,97,3443,3140,416,45554,4361,319,2866,7360,333,2011
East of England,Braintree,74200,8511,196,6120,1619,446,45715,3540,229,1070,6468,286,2011
East of England,Breckland,61301,7477,47,474,1273,498,39923,3679,202,1574,5852,302,2011
East of England,Brentwood,36251,4094,653,8181,644,230,18041,1190,200,320,2550,148,2011
East of England,Broadland,61541,6724,62,572,3289,814,40878,2918,145,2390,3320,429,2011
East of England,Broxbourne,46222,3904,1145,5469,1340,384,27638,2053,460,593,3033,203,2011
East of England,Cambridge,59437,6417,130,2760,3800,490,17879,1628,188,17257,8653,235,2011
East of England,Castle Point,41443,3625,162,5624,1430,325,24984,1894,223,631,2352,193,2011
East of England,Central Bedfordshire,132061,14781,271,8165,2585,831,87245,5891,249,2058,9554,431,2011
East of England,Chelmsford,86451,8857,355,11101,3326,577,47511,3552,224,2486,8173,289,2011
East of England,Colchester,85587,8617,174,6424,4824,683,46907,4123,260,3310,9898,367,2011
East of England,Dacorum,73437,8844,511,6201,2200,487,43992,3264,266,788,6599,285,2011
East of England,East Cambridgeshire,43919,5702,50,2303,706,301,28943,2098,86,1220,2353,157,2011
East of England,East Hertfordshire,72225,8672,559,9383,1327,406,42056,2507,243,900,5937,235,2011
East of England,Epping Forest,61609,7060,11466,2629,1269,582,32030,1931,696,482,3201,263,2011
East of England,Fenland,44514,4683,43,627,893,312,28976,2913,160,2022,3696,189,2011
East of England,Forest Heath,31540,3079,25,237,565,230,21415,1810,109,1126,2824,120,2011
East of England,Great Yarmouth,41264,3817,31,248,2443,415,23861,2704,215,1689,4895,946,2011
East of England,Harlow,40401,2778,1181,1679,2122,282,23976,2720,408,1018,4084,153,2011
East of England,Hertsmere,49428,6104,2332,5809,2248,399,26471,1630,356,494,3387,198,2011
East of England,Huntingdonshire,88991,10153,113,3169,2191,568,57545,4400,252,3164,7149,287,2011
East of England,Ipswich,65479,4674,57,1538,4974,713,35092,4455,224,3009,10488,255,2011
East of England,King`s Lynn and West Norfolk,67268,7965,112,976,1483,480,43255,4004,148,3155,5356,334,2011
East of England,Luton,89201,6171,285,5126,6517,432,49150,7475,1029,1149,11261,606,2011
East of England,Maldon,30292,4092,64,2274,465,186,19136,1256,70,548,2072,129,2011
East of England,Mid Suffolk,48570,7274,58,1348,708,376,31906,2027,67,1322,3302,182,2011
East of England,North Hertfordshire,64990,7594,201,7546,1089,387,38039,2753,142,1216,5801,222,2011
East of England,North Norfolk,43183,6822,73,512,833,354,26496,2059,129,1208,4354,343,2011
East of England,Norwich,62424,4781,80,715,4959,693,27585,3200,288,5464,14307,352,2011
East of England,Peterborough,88044,7158,92,2080,6434,610,50718,7489,537,4990,7506,430,2011
East of England,Rochford,40662,4056,111,6282,1313,306,24053,1694,152,498,2059,138,2011
East of England,South Cambridgeshire,79139,10476,118,2742,3395,774,47888,3039,113,6026,4297,271,2011
East of England,South Norfolk,60333,7820,75,755,2630,635,40050,2743,133,1852,3299,341,2011
East of England,Southend-on-Sea,81339,7434,314,12445,4254,598,38900,3761,377,2260,10629,367,2011
East of England,St Albans,71378,9221,632,13052,1682,438,37230,2118,167,1185,5422,231,2011
East of England,St Edmundsbury,56483,6340,82,582,1385,395,35340,3205,269,1667,7002,216,2011
East of England,Stevenage,42738,3184,101,2919,2455,353,25980,2615,157,1038,3768,168,2011
East of England,Suffolk Coastal,58257,8232,116,1176,1372,634,36718,2428,131,2629,4566,255,2011
East of England,Tendring,54857,6231,104,2726,1250,416,33483,2915,284,1683,5483,282,2011
East of England,Three Rivers,43999,5416,4441,2559,960,321,25508,1582,161,532,2376,143,2011
East of England,Thurrock,77420,5186,1337,11715,2831,784,45376,4136,439,1078,4230,308,2011
East of England,Uttlesford,40772,6217,276,3378,573,232,24826,1426,112,433,3138,161,2011
East of England,Watford,47634,4048,2230,4897,2217,379,24369,1725,195,1066,6296,212,2011
East of England,Waveney,49181,4967,61,517,1293,555,30167,2611,237,2985,5030,758,2011
East of England,Welwyn Hatfield,52981,5452,658,5236,2187,385,29264,2442,258,1363,5561,175,2011
London,Barking and Dagenham,75217,4740,16011,9060,9215,615,27360,2086,334,1064,4420,312,2011
London,Barnet,170658,20968,43280,9630,19677,1777,58404,3460,676,2368,9551,867,2011
London,Bexley,110159,8560,2724,27039,9553,1424,49278,3287,839,1274,5712,469,2011
London,Brent,147461,12856,41392,10081,25922,1512,38202,2820,376,3699,9877,724,2011
London,Bromley,151368,15799,4816,45418,11115,1630,57095,3247,720,2190,8708,630,2011
London,Camden,108966,14366,35908,6783,15476,1157,9984,758,691,6721,16420,702,2011
London,City of London,4747,687,879,253,263,22,134,11,40,243,2174,41,2011
London,Croydon,172987,15619,10923,41346,24193,1471,59655,3903,544,2115,12296,922,2011
London,Ealing,164820,15002,43953,9710,22660,1647,51845,3125,362,4760,10974,782,2011
London,Enfield,137622,12362,20636,15909,17728,933,55090,3390,668,1905,8268,733,2011
London,Greenwich,117821,9610,17440,26997,18336,1221,30825,2204,513,2669,7110,896,2011
London,Hackney,118556,11963,22486,8336,30541,1220,12445,877,492,16389,13187,620,2011
London,Hammersmith and Fulham,99618,10416,37734,4269,13395,2060,11084,678,374,7103,11980,525,2011
London,Haringey,124296,12465,43784,8754,20959,1536,21550,1298,266,5911,7199,574,2011
London,Harrow,113900,11574,27877,7537,9950,581,45283,2713,354,869,6746,416,2011
London,Havering,112846,8705,10492,19934,8571,987,51452,3548,1086,998,6584,489,2011
London,Hillingdon,130290,11229,16915,5439,15283,1035,65349,3949,422,1892,8300,477,2011
London,Hounslow,127032,11139,19249,10139,20424,1388,48012,2982,307,4050,8783,559,2011
London,Islington,106765,10122,31009,5934,21595,1161,9145,690,769,9763,16059,518,2011
London,Kensington and Chelsea,81387,13510,28615,2448,9725,1598,9546,779,1555,3701,9148,762,2011
London,Kingston upon Thames,81957,8942,2814,18195,8347,1121,29312,1708,217,3278,7697,326,2011
London,Lambeth,166494,13862,49274,23064,31873,2279,19068,1118,384,12930,11898,744,2011
London,Lewisham,136057,11413,19391,37398,22372,1359,27910,1729,371,5164,8227,723,2011
London,Merton,104822,9455,24664,18898,10898,1333,26977,1644,253,3409,6845,446,2011
London,Newham,132454,8945,51117,15884,16779,753,25391,1991,310,2163,8554,567,2011
London,Redbridge,124692,11029,35515,11885,8951,739,44111,2813,981,1356,6722,590,2011
London,Richmond upon Thames,99204,13870,10108,20986,7339,1574,30298,1289,219,5849,7202,470,2011
London,Southwark,147388,12303,29077,18534,37956,1671,17057,1131,594,10450,17426,1189,2011
London,Sutton,97658,8738,5201,17391,8926,1399,43228,2726,468,2019,7184,378,2011
London,Tower Hamlets,120873,9046,45880,7225,14314,867,12593,990,645,7785,20672,856,2011
London,Waltham Forest,121021,9193,38962,12074,13024,1072,32437,2190,663,3306,7500,600,2011
London,Wandsworth,178582,16635,48906,34864,22859,3624,23913,1237,463,12804,12494,783,2011
London,Westminster,111179,15542,35632,4936,15789,1270,9626,810,1513,5092,19949,1020,2011
South East,Adur,29356,2991,27,2153,1612,356,17111,1502,89,1095,2285,135,2011
South East,Arun,67443,8436,86,2972,1622,585,41037,4095,214,2435,5620,341,2011
South East,Ashford,57546,7206,90,3591,1481,368,34627,3069,130,1438,5307,239,2011
South East,Aylesbury Vale,90724,12152,203,4231,2480,454,56902,4014,615,1474,7840,359,2011
South East,Basingstoke and Deane,90122,10042,118,4572,3744,545,56324,4332,217,1886,8015,327,2011
South East,Bracknell Forest,61914,6875,109,2858,1201,478,41113,2803,187,1360,4602,328,2011
South East,Brighton and Hove,139823,17356,351,13814,18563,1035,48846,4754,486,6635,27242,741,2011
South East,Canterbury,65620,7592,176,3252,3197,433,36080,3106,170,1750,9626,238,2011
South East,Cherwell,74829,8567,90,2066,3611,544,44753,3940,278,2553,8127,300,2011
South East,Chichester,53285,8724,140,2298,1027,375,30051,2104,125,2171,5998,272,2011
South East,Chiltern,44785,7188,2707,3315,591,275,25580,1607,149,395,2761,217,2011
South East,Crawley,55466,3682,86,4301,5921,343,31935,2727,286,1384,4587,214,2011
South East,Dartford,49611,3809,354,8363,2524,685,27403,2144,293,525,3340,171,2011
South East,Dover,50396,5191,87,1749,1799,427,30887,3017,228,1041,5654,316,2011
South East,East Hampshire,58457,8475,88,2945,770,388,37337,2402,78,962,4713,299,2011
South East,Eastbourne,44449,4417,71,2578,2420,276,24210,2460,276,1316,6221,204,2011
South East,Eastleigh,65768,6198,47,2489,1909,713,44577,3202,115,1645,4570,303,2011
South East,Elmbridge,64730,9879,616,12968,1353,735,31638,1644,169,2001,3417,310,2011
South East,Epsom and Ewell,38005,4114,537,7525,1443,487,18677,1083,198,946,2830,165,2011
South East,Fareham,56445,5596,44,2049,1063,720,38090,2572,129,2056,3668,458,2011
South East,Gosport,40063,2886,21,558,2025,948,22740,2049,186,4283,3863,504,2011
South East,Gravesham,47639,3912,205,5053,3125,528,27428,2953,188,449,3591,207,2011
South East,Guildford,70021,9154,216,7653,2352,522,37853,2478,138,1766,7615,274,2011
South East,Hart,48047,6957,80,3282,546,311,31362,1557,71,936,2753,192,2011
South East,Hastings,40671,4386,72,2385,2280,384,21379,2612,337,573,6048,215,2011
South East,Havant,55555,4964,38,1586,2518,615,36165,3401,331,1631,4025,281,2011
South East,Horsham,66299,9683,96,4512,1142,396,40626,2748,65,1083,5704,244,2011
South East,Isle of Wight,59299,7280,103,775,2529,989,32299,2737,122,1771,9463,1231,2011
South East,Lewes,45532,6310,69,3426,3514,337,24438,1816,148,781,4510,183,2011
South East,Maidstone,78090,9110,113,5073,2881,533,47188,3719,193,914,8093,273,2011
South East,Medway,126689,9922,266,10970,5819,1379,76721,7615,418,1419,11643,517,2011
South East,Mid Sussex,72229,9459,106,9190,1073,453,40567,2802,251,968,7086,274,2011
South East,Milton Keynes,127783,12488,226,5301,7033,647,79279,8058,1485,3599,9117,550,2011
South East,Mole Valley,42422,6784,142,5282,595,352,23330,1429,87,770,3471,180,2011
South East,New Forest,82993,11249,127,1776,1615,766,54271,3690,149,3074,5693,583,2011
South East,Oxford,69807,7287,157,1678,11122,476,22648,2195,246,11915,11735,348,2011
South East,Portsmouth,96619,7092,115,3401,7070,1106,47951,5623,983,7008,15568,702,2011
South East,Reading,79852,6999,213,7425,8604,455,35774,3477,244,3252,13087,322,2011
South East,Reigate and Banstead,71236,8477,338,10390,2039,599,39264,2534,323,1183,5818,271,2011
South East,Rother,37583,6336,105,2556,544,274,21954,1706,92,470,3370,176,2011
South East,Runnymede,40651,4809,183,3312,740,423,24824,1504,100,1162,3416,178,2011
South East,Rushmoor,51087,4529,69,3355,1983,425,31467,2619,136,1413,4779,312,2011
South East,Sevenoaks,56015,7654,238,10847,854,537,29400,1956,192,451,3638,248,2011
South East,Shepway,48280,5307,91,1835,2296,347,28731,2584,222,866,5704,297,2011
South East,Slough,67300,4977,705,4529,4907,428,39226,4031,432,1566,6169,330,2011
South East,South Bucks,33117,5211,617,2643,509,244,20402,1247,97,426,1584,137,2011
South East,South Oxfordshire,70087,10398,166,3293,2130,545,41461,2689,90,2492,6573,250,2011
South East,Southampton,112608,7767,118,3122,10250,1186,58619,7383,475,5138,17826,724,2011
South East,Spelthorne,50161,4808,625,3871,2545,699,31434,1787,111,1312,2791,178,2011
South East,Surrey Heath,44968,6184,95,2580,823,322,29522,1637,61,764,2691,289,2011
South East,Swale,62810,6447,96,4202,1227,567,38697,3365,227,1351,6365,266,2011
South East,Tandridge,41813,6448,188,7310,972,349,22492,1304,109,321,2148,172,2011
South East,Test Valley,59611,7402,70,1857,1332,442,37902,3054,233,1669,5331,319,2011
South East,Thanet,55200,5793,100,2092,3435,560,31182,3698,344,1364,6377,255,2011
South East,Tonbridge and Malling,59993,6831,125,7085,1268,511,35795,2560,147,830,4638,203,2011
South East,Tunbridge Wells,57234,8021,117,8121,1296,346,28420,2200,156,643,7690,224,2011
South East,Vale of White Horse,63181,7808,100,1369,3625,622,37672,2604,90,3907,5157,227,2011
South East,Waverley,59178,9954,151,6402,980,404,33448,2183,72,876,4439,269,2011
South East,Wealden,71084,11746,144,4742,1383,411,43864,2986,139,686,4673,310,2011
South East,West Berkshire,81679,10689,116,3791,2918,494,50622,3904,151,2064,6644,286,2011
South East,West Oxfordshire,56515,7665,81,969,2398,482,34837,2525,85,2234,5038,201,2011
South East,Winchester,57318,8633,111,3134,1625,427,33027,2086,87,1103,6744,341,2011
South East,Windsor and Maidenhead,73951,10898,335,6374,984,511,43781,2549,298,1684,6131,406,2011
South East,Woking,51341,5842,180,7922,1159,386,28095,1875,171,1339,4181,191,2011
South East,Wokingham,81377,10842,153,5568,2652,511,52016,2800,138,1943,4456,298,2011
South East,Worthing,50611,5271,59,3149,1563,479,27755,2553,156,2545,6875,206,2011
South East,Wycombe,86350,11425,554,4138,3353,529,53695,3778,283,1094,7163,338,2011
South West,Bath and North East Somerset,84858,10624,118,2882,5380,876,44498,3813,197,2451,13636,383,2011
South West,Bournemouth,89186,9111,135,1467,7685,989,49577,4396,290,4169,10919,448,2011
South West,"Bristol, City of",209995,17841,272,3931,19830,2330,99695,10039,575,15768,38832,882,2011
South West,Cheltenham,59183,6074,90,825,3304,418,31175,2786,101,3805,10390,215,2011
South West,Christchurch,20301,2530,19,419,733,240,12820,924,44,979,1504,89,2011
South West,Cornwall,244527,38596,208,2320,5812,2782,147102,12480,667,3777,28952,1831,2011
South West,Cotswold,41529,7995,146,617,501,268,24532,1785,69,829,4574,213,2011
South West,East Devon,59908,10081,77,1399,1541,615,34845,2792,145,1286,6647,480,2011
South West,East Dorset,40050,5926,52,227,637,434,28091,1670,52,957,1821,183,2011
South West,Exeter,57139,4825,52,1089,5179,695,25758,2979,195,3542,12621,204,2011
South West,Forest of Dean,39068,5459,26,334,884,391,26174,2144,43,446,2996,171,2011
South West,Gloucester,61374,4379,46,397,4513,666,37779,3558,110,3035,6676,215,2011
South West,Isles of Scilly,1311,428,0,1,8,34,246,25,1,186,341,41,2011
South West,Mendip,53845,8580,77,429,979,398,32939,2582,109,1166,6365,221,2011
South West,Mid Devon,38508,6773,39,323,1102,360,23069,1922,47,694,3994,185,2011
South West,North Devon,44754,7582,34,174,1496,424,23654,2199,123,1524,7303,241,2011
South West,North Dorset,33432,5280,63,397,360,234,20463,1460,55,664,4289,167,2011
South West,North Somerset,97563,11734,98,2234,2885,954,62805,5002,349,2646,8460,396,2011
South West,Plymouth,117466,7898,66,641,12991,2256,65103,7110,743,3055,16592,1011,2011
South West,Poole,71709,7451,104,1074,3740,1037,43785,3735,154,3393,6859,377,2011
South West,Purbeck,21419,3125,27,398,377,274,13050,1013,36,614,2351,154,2011
South West,Sedgemoor,54540,7155,35,394,772,549,34835,2897,98,2469,5116,220,2011
South West,South Gloucestershire,136531,12787,95,1621,6645,1874,90569,6809,212,5284,10187,448,2011
South West,South Hams,39999,7824,65,516,873,441,22988,1682,70,506,4632,402,2011
South West,South Somerset,78771,10536,111,451,1067,760,48980,4160,135,2203,10034,334,2011
South West,Stroud,57342,8194,74,749,1212,487,37822,2843,72,1197,4491,201,2011
South West,Swindon,109499,8849,84,1359,9164,1163,66389,6613,472,4592,10395,419,2011
South West,Taunton Deane,54244,6661,57,597,1216,637,30563,2816,93,3433,7918,253,2011
South West,Teignbridge,58962,8611,51,1276,1570,627,36612,2976,111,952,5929,247,2011
South West,Tewkesbury,41544,5205,33,261,1860,452,26859,1859,29,1778,3068,140,2011
South West,Torbay,56912,6853,31,525,2469,864,32974,3370,316,779,8413,318,2011
South West,Torridge,29402,5830,16,87,842,260,16961,1470,65,365,3348,158,2011
South West,West Devon,25241,5245,31,162,556,185,14580,1103,83,271,2856,169,2011
South West,West Dorset,45714,8174,93,498,752,406,25865,1969,123,1087,6487,260,2011
South West,West Somerset,15355,3885,17,72,314,99,7717,642,33,371,2123,82,2011
South West,Weymouth and Portland,29987,2987,23,371,2063,489,16928,1684,104,1001,4105,232,2011
South West,Wiltshire,239216,32701,352,5865,6270,1894,145883,11356,522,6638,26680,1055,2011
Wales,Anglesey,30431,4026,20,199,795,217,20136,1779,100,453,2465,241,2011
Wales,Blaenau Gwent,28291,1660,16,217,855,149,19640,2778,154,134,2574,114,2011
Wales,Bridgend,61259,4813,46,1474,1722,313,42315,4470,364,503,4967,272,2011
Wales,Caerphilly,77488,5347,40,2950,2971,411,53239,6004,302,475,5469,280,2011
Wales,Cardiff,159614,11998,196,5197,15947,655,86767,8003,675,5791,23644,741,2011
Wales,Carmarthenshire,80680,11630,58,778,1630,422,53340,5247,206,615,6369,385,2011
Wales,Ceredigion,32446,6780,32,125,910,148,17917,1652,98,361,4266,157,2011
Wales,Conwy,50093,6743,37,545,2130,273,31488,2733,221,645,4954,324,2011
Wales,Denbighshire,41156,5136,26,429,1366,194,25901,2625,245,633,4395,206,2011
Wales,Flintshire,74049,6577,44,640,2894,522,51486,4848,319,1294,5079,346,2011
Wales,Gwynedd,53961,8546,34,352,2379,264,31511,3071,105,677,6724,298,2011
Wales,Merthyr Tydfil,25099,1680,24,460,1724,77,15788,2620,209,80,2333,104,2011
Wales,Monmouthshire,42817,6619,61,857,563,341,27602,2221,88,483,3792,190,2011
Wales,Neath Port Talbot,58980,4081,35,973,1948,455,41127,4529,254,755,4539,284,2011
Wales,Newport,64408,4728,58,1312,5009,430,40943,4643,419,921,5652,293,2011
Wales,Pembrokeshire,54217,9395,41,214,1564,350,33210,3323,195,435,5106,384,2011
Wales,Powys,63653,13621,54,364,667,218,37419,2920,115,843,7097,335,2011
Wales,"Rhondda, Cynon, Taff",99327,6778,61,4114,3932,445,67154,7995,217,441,7836,354,2011
Wales,Swansea,102793,8228,100,883,5791,610,66912,7585,636,1485,9997,566,2011
Wales,The Vale of Glamorgan,58978,5886,83,3450,1681,328,38079,3177,251,998,4701,344,2011
Wales,Torfaen,40261,2582,30,475,1892,301,28057,3074,308,326,3089,127,2011
Wales,Wrexham,63614,5324,37,496,3361,397,42179,5187,424,808,5128,273,2011
North East,County Durham,203614,16952,190,1062,15327,1256,121690,21599,1230,1888,21178,1242,2001
North East,Darlington,42993,3553,35,482,4363,274,24105,3477,419,949,5085,251,2001
North East,Gateshead,78786,5482,3672,529,13723,480,39442,6853,442,816,6972,375,2001
North East,Hartlepool,33762,2199,44,179,2831,245,18817,3627,620,937,3935,328,2001
North East,Middlesbrough,49317,3185,46,316,5543,403,27088,4852,434,1251,5791,408,2001
North East,Newcastle upon Tyne,101498,7066,5591,950,19156,487,46561,7233,889,1781,11235,549,2001
North East,North Tyneside,83698,6053,6979,1032,8489,623,43032,7037,835,1692,7092,834,2001
North East,Northumberland,136083,14687,715,1132,8331,891,79137,11819,501,2176,15519,1175,2001
North East,Redcar and Cleveland,54295,3898,48,656,4325,488,32677,4951,267,1052,5404,529,2001
North East,South Tyneside,58899,3743,3983,1059,7442,434,29258,4862,323,1143,5543,1109,2001
North East,Stockton-on-Tees,75904,5449,61,460,5911,690,47679,6767,346,1576,6302,663,2001
North East,Sunderland,114119,7041,902,1262,17783,696,60728,11312,807,1525,11215,848,2001
North West,Allerdale,41814,5117,16,172,1608,250,24272,3811,139,672,5519,238,2001
North West,Barrow-in-Furness,28849,1958,12,413,2092,722,14317,2531,277,1707,4646,174,2001
North West,Blackburn with Darwen,53575,4355,32,504,3875,480,30589,4946,918,622,7062,192,2001
North West,Blackpool,59073,6081,239,409,5743,639,29571,5050,743,1885,8287,426,2001
North West,Bolton,114415,9065,207,2740,9121,1184,68431,9436,878,1413,11587,353,2001
North West,Burnley,38098,2806,18,188,3221,306,21533,4056,258,430,5165,117,2001
North West,Bury,83847,6734,3632,416,6064,704,51628,5789,688,1047,6847,298,2001
North West,Carlisle,46858,4645,18,179,4008,318,25440,3507,203,1262,7061,217,2001
North West,Cheshire East,169143,18422,184,3187,3365,1668,110153,9792,590,5767,15270,745,2001
North West,Cheshire West and Chester,149443,13767,183,1838,6388,1595,96271,10284,839,4465,12993,820,2001
North West,Chorley,49200,4583,27,864,1645,489,32233,3595,198,865,4521,180,2001
North West,Copeland,29222,2562,14,404,1889,243,17277,3120,133,455,2975,150,2001
North West,Eden,24752,4805,17,100,557,122,13536,1438,81,330,3574,192,2001
North West,Fylde,32215,3156,27,359,1238,294,19968,2095,146,1106,3587,239,2001
North West,Halton,50363,3100,28,631,3584,539,31438,4563,326,1023,4923,208,2001
North West,Hyndburn,34773,2625,5,192,2333,345,21125,3159,218,437,4233,101,2001
North West,Knowsley,54351,2966,108,2204,7200,417,29320,4886,1055,904,5037,254,2001
North West,Lancaster,55906,5428,33,739,3114,696,30834,4117,392,2150,8017,386,2001
North West,Liverpool,154817,8700,618,4636,32835,923,73707,11629,1939,2686,16393,751,2001
North West,Manchester,142449,9318,1792,1924,31599,805,64769,9181,1676,4610,16163,612,2001
North West,Oldham,92775,7215,161,1325,10436,611,52682,7980,910,1006,10115,334,2001
North West,Pendle,37042,3011,9,164,2377,238,21705,3268,268,591,5253,158,2001
North West,Preston,56203,4138,37,403,6307,508,31375,4189,287,1463,7258,238,2001
North West,Ribble Valley,26407,3425,8,176,573,231,17022,1492,52,522,2785,121,2001
North West,Rochdale,86867,6728,214,1208,7771,712,50757,7349,1418,1043,9323,344,2001
North West,Rossendale,29877,2651,39,94,2074,265,19124,2353,109,211,2857,100,2001
North West,Salford,89920,6630,1025,966,10563,815,48867,7207,1338,2042,10134,333,2001
North West,Sefton,116315,8734,350,6765,9282,944,65043,8347,1775,3365,11096,614,2001
North West,South Lakeland,48413,7309,34,442,951,486,26381,2995,175,1505,7783,352,2001
North West,South Ribble,51327,4168,10,509,2962,685,33149,3774,183,2008,3712,167,2001
North West,St. Helens,73076,4805,39,1597,5749,710,45838,6145,459,1152,6331,251,2001
North West,Stockport,136059,11967,151,4751,11576,1006,84432,7712,507,2540,10953,464,2001
North West,Tameside,96254,7444,111,2156,11825,935,54155,7131,635,1507,10080,275,2001
North West,Trafford,99146,8609,4954,888,6976,667,59903,5545,549,2988,7624,443,2001
North West,Warrington,91286,7541,157,1128,4775,1028,60413,5972,414,2936,6599,323,2001
North West,West Lancashire,48842,4715,45,1086,1380,426,30802,3887,678,1020,4537,266,2001
North West,Wigan,135615,9710,44,2044,9029,1423,84708,12045,758,2386,13073,395,2001
North West,Wirral,126397,8979,1135,6126,10267,1799,73632,9713,938,2298,10497,1013,2001
North West,Wyre,45036,4502,222,429,1915,503,27980,3470,250,1542,3850,373,2001
Yorkshire and The Humber,Barnsley,88762,6577,58,1042,7002,1002,53529,7982,399,734,10186,251,2001
Yorkshire and The Humber,Bradford,191250,15673,197,6083,22169,1324,105952,15456,1489,1481,20686,740,2001
Yorkshire and The Humber,Calderdale,88038,7703,52,1811,9906,772,50420,6483,354,709,9487,341,2001
Yorkshire and The Humber,Craven,25721,3790,19,708,614,155,14421,1543,122,349,3829,171,2001
Yorkshire and The Humber,Doncaster,118362,9220,82,1781,11655,985,69189,9626,455,3420,11497,452,2001
Yorkshire and The Humber,East Riding of Yorkshire,144858,14920,84,1759,4901,1626,89007,9509,596,7420,13967,1069,2001
Yorkshire and The Humber,Hambleton,41890,6297,24,347,798,277,24763,2267,116,1525,5206,270,2001
Yorkshire and The Humber,Harrogate,75755,9553,47,1153,2995,498,44307,4363,301,1747,10367,424,2001
Yorkshire and The Humber,"Kingston upon Hull, City of",95957,5196,38,583,12294,1476,45626,7817,1187,11181,9960,599,2001
Yorkshire and The Humber,Kirklees,174023,14681,113,3163,17927,1713,102638,13095,793,1765,17570,565,2001
Yorkshire and The Humber,Leeds,322831,23974,274,4980,55527,2303,171283,23217,2313,4189,33844,927,2001
Yorkshire and The Humber,North East Lincolnshire,65832,4319,26,353,4989,953,37063,5474,583,5038,6569,465,2001
Yorkshire and The Humber,North Lincolnshire,68083,5659,26,280,2005,1092,43190,5171,218,3793,6289,360,2001
Yorkshire and The Humber,Richmondshire,24124,3620,13,168,636,162,12543,1421,93,573,4405,490,2001
Yorkshire and The Humber,Rotherham,106489,7391,501,724,12747,944,64948,8821,331,1007,8751,324,2001
Yorkshire and The Humber,Ryedale,24184,4329,9,218,537,215,13168,1353,44,1028,3121,162,2001
Yorkshire and The Humber,Scarborough,44976,5469,31,371,2273,470,22177,3454,304,1111,8946,370,2001
Yorkshire and The Humber,Selby,37885,4082,21,741,1565,435,24000,2253,65,1440,3135,148,2001
Yorkshire and The Humber,Sheffield,218493,15313,6104,1613,38801,1535,114397,14100,716,2365,22774,775,2001
Yorkshire and The Humber,Wakefield,138021,9544,63,2609,13185,1397,81685,11585,705,2001,14853,394,2001
Yorkshire and The Humber,York,87305,6871,57,1343,6313,1531,42065,4799,440,10508,13049,329,2001
East Midlands,Amber Valley,54657,4759,16,406,2567,757,35215,3998,181,833,5746,179,2001
East Midlands,Ashfield,48949,3499,14,628,3576,573,29655,3957,214,1381,5301,151,2001
East Midlands,Bassetlaw,46145,4278,18,412,1389,497,29067,3615,112,1609,4929,219,2001
East Midlands,Blaby,47136,4300,27,331,3314,538,31170,2933,84,1363,2931,145,2001
East Midlands,Bolsover,29451,2310,39,212,1687,337,19003,2391,73,387,2920,92,2001
East Midlands,Boston,25066,2391,15,69,449,375,14709,2015,73,2523,2311,136,2001
East Midlands,Broxtowe,51262,4028,25,462,5382,698,30601,3058,117,2210,4546,135,2001
East Midlands,Charnwood,73367,6618,52,948,4399,877,44950,4626,125,2999,7514,259,2001
East Midlands,Chesterfield,42930,3180,34,316,3853,461,25516,3656,300,657,4834,123,2001
East Midlands,Corby,24749,1466,8,138,2220,179,14219,2868,587,880,2105,79,2001
East Midlands,Daventry,36859,4342,20,435,650,321,24642,2307,97,559,3323,163,2001
East Midlands,Derby,95451,6513,37,773,8916,1321,54329,6901,715,4233,11413,300,2001
East Midlands,Derbyshire Dales,33445,4682,35,322,965,199,20507,2068,74,339,4039,215,2001
East Midlands,East Lindsey,53433,6922,22,157,1315,544,30712,3300,239,2519,7271,432,2001
East Midlands,East Northamptonshire,38395,3789,23,482,738,323,25815,2608,110,729,3657,121,2001
East Midlands,Erewash,52480,3951,13,660,3721,827,31937,3567,177,2330,5140,157,2001
East Midlands,Gedling,54355,4474,27,284,8268,542,31762,3483,169,1032,4161,153,2001
East Midlands,Harborough,39815,4868,19,510,853,306,26183,1939,98,1097,3747,195,2001
East Midlands,High Peak,43698,4472,38,1931,1386,358,26090,2736,217,549,5728,193,2001
East Midlands,Hinckley and Bosworth,51317,4982,14,278,1819,553,33879,3256,144,1538,4699,155,2001
East Midlands,Kettering,41282,3448,25,545,1479,362,26804,3024,120,876,4475,124,2001
East Midlands,Leicester,111580,8397,96,905,16990,769,52968,8467,447,4462,17660,419,2001
East Midlands,Lincoln,37299,2401,26,193,2742,549,19192,3039,295,2648,6061,153,2001
East Midlands,Mansfield,40607,2881,9,392,2846,416,25025,3727,244,702,4214,151,2001
East Midlands,Melton,24097,2713,13,220,682,219,15181,1445,48,741,2739,96,2001
East Midlands,Newark and Sherwood,47352,4995,26,523,1937,522,28972,3197,142,2430,4425,183,2001
East Midlands,North East Derbyshire,44438,4080,210,228,3398,436,28859,3385,80,349,3240,173,2001
East Midlands,North Kesteven,44070,4580,44,428,1844,602,27329,2568,84,2436,3940,215,2001
East Midlands,North West Leicestershire,41919,4000,20,115,1281,576,28580,2685,119,884,3477,182,2001
East Midlands,Northampton,96395,7182,67,1222,6888,705,58956,7898,511,2750,9909,307,2001
East Midlands,Nottingham,101697,6785,65,693,21758,846,45407,6310,712,3731,14980,410,2001
East Midlands,Oadby and Wigston,26651,2128,15,173,2624,250,16186,1864,69,849,2430,63,2001
East Midlands,Rushcliffe,52086,5324,24,458,5146,417,32943,2650,84,1495,3398,147,2001
East Midlands,Rutland,16566,2166,19,229,174,154,9787,805,29,811,2279,113,2001
East Midlands,South Derbyshire,39998,3699,11,208,1361,541,27554,2693,134,755,2918,124,2001
East Midlands,South Holland,35009,4065,13,247,590,415,22507,2507,50,2000,2427,188,2001
East Midlands,South Kesteven,61060,6256,35,942,1836,662,37658,4058,332,2489,6554,238,2001
East Midlands,South Northamptonshire,42098,4983,31,679,784,319,28978,2526,76,651,2919,152,2001
East Midlands,Wellingborough,35050,3056,22,517,1228,278,22385,2855,349,644,3591,125,2001
East Midlands,West Lindsey,35514,4345,20,178,803,394,22699,2275,95,1174,3296,235,2001
West Midlands,Birmingham,367141,27448,818,9289,73658,2522,190231,22628,2062,5133,32265,1087,2001
West Midlands,Bromsgrove,43351,4515,25,1109,1362,367,29686,2546,107,524,2993,117,2001
West Midlands,Cannock Chase,44000,3361,24,519,1982,479,29009,3949,200,637,3727,113,2001
West Midlands,Coventry,125724,8181,77,1687,15014,969,71236,10521,662,3573,13391,413,2001
West Midlands,Dudley,139935,10422,155,2390,11639,1434,88747,10446,359,1872,12101,370,2001
West Midlands,East Staffordshire,48417,4629,19,394,1785,469,29923,3439,267,1990,5311,191,2001
West Midlands,"Herefordshire, County of",81289,12379,61,426,2372,841,46944,4665,271,3415,9479,436,2001
West Midlands,Lichfield,46163,5088,22,1226,1277,376,30785,2856,136,725,3543,129,2001
West Midlands,Malvern Hills,33414,4834,24,559,522,345,21270,1995,67,804,2837,157,2001
West Midlands,Newcastle-under-Lyme,54987,4527,17,217,3281,535,35027,4912,442,782,5095,152,2001
West Midlands,North Warwickshire,30533,2944,12,272,1082,335,20553,2445,177,383,2244,86,2001
West Midlands,Nuneaton and Bedworth,56613,3929,18,357,2943,644,36462,5079,194,1559,5266,162,2001
West Midlands,Redditch,40258,3100,16,474,3064,379,25865,3149,119,729,3258,105,2001
West Midlands,Rugby,43284,3873,24,638,1394,524,27422,2957,241,1724,4332,155,2001
West Midlands,Sandwell,113562,7771,1160,1734,16653,920,61762,9105,534,1972,11658,293,2001
West Midlands,Shropshire,135436,18082,74,1082,3563,1155,79875,8568,428,4701,17114,794,2001
West Midlands,Solihull,93400,8549,78,3382,9338,667,58736,5344,287,1446,5312,261,2001
West Midlands,South Staffordshire,52427,5274,81,661,2553,458,36105,3290,60,714,3070,161,2001
West Midlands,Stafford,58761,6036,22,737,2295,593,36966,3890,202,1850,5962,208,2001
West Midlands,Staffordshire Moorlands,45596,5138,12,139,1553,402,29948,3333,56,619,4201,195,2001
West Midlands,Stoke-on-Trent,98817,6535,22,378,9749,953,56764,10178,819,1543,11563,313,2001
West Midlands,Stratford-on-Avon,56543,7482,36,678,1009,430,36729,3063,125,1443,5325,223,2001
West Midlands,Tamworth,37012,2765,14,529,2140,396,23458,3246,311,1042,3028,83,2001
West Midlands,Telford and Wrekin,74380,5769,32,699,3188,764,47907,7116,622,1864,6147,272,2001
West Midlands,Walsall,105590,7940,241,814,12547,899,61715,8100,309,2155,10587,283,2001
West Midlands,Warwick,62658,6024,53,1215,2051,540,39324,3790,214,2204,7046,197,2001
West Midlands,Wolverhampton,94926,7084,1067,1644,12129,823,52206,7030,524,2534,9579,306,2001
West Midlands,Worcester,47003,3594,15,638,2134,562,27348,3349,119,2198,6917,129,2001
West Midlands,Wychavon,56186,7002,28,644,924,534,37215,3367,115,1379,4766,212,2001
West Midlands,Wyre Forest,47161,4548,15,877,1146,529,30851,3580,211,1031,4230,143,2001
East of England,Babergh,40296,4888,50,1204,1318,370,25138,2360,109,1090,3604,165,2001
East of England,Basildon,77773,5452,442,12655,3085,660,41725,5140,707,1552,6119,236,2001
East of England,Bedford,70513,6669,84,2740,3098,587,42572,4191,233,3222,6796,321,2001
East of England,Braintree,66092,6696,117,5384,1522,634,39823,3892,249,1366,6164,245,2001
East of England,Breckland,55612,6377,44,264,1215,515,35422,3563,170,2314,5480,248,2001
East of England,Brentwood,32807,3197,342,6612,755,295,17189,1420,201,317,2376,103,2001
East of England,Broadland,57964,5656,38,453,3912,1037,37048,3631,117,2594,3083,395,2001
East of England,Broxbourne,43482,3506,746,4976,1141,622,26203,2174,456,619,2905,134,2001
East of England,Cambridge,49236,4217,95,1523,2549,609,18441,1827,157,12758,6890,170,2001
East of England,Castle Point,41035,3252,100,5830,1766,448,24182,2241,183,690,2254,89,2001
East of England,Central Bedfordshire,121032,11744,123,5847,3082,1152,79329,6792,284,2726,9553,400,2001
East of England,Chelmsford,80257,7178,219,9714,3070,772,45004,4041,185,2820,7003,251,2001
East of England,Colchester,75126,6880,111,5210,4587,827,41528,4310,264,3227,7652,530,2001
East of England,Dacorum,69313,6745,327,4132,2665,699,42888,3858,285,836,6646,232,2001
East of England,East Cambridgeshire,37208,4082,37,947,854,381,24874,2204,55,1376,2258,140,2001
East of England,East Hertfordshire,67534,6766,331,6692,1240,623,41445,3098,310,1035,5793,201,2001
East of England,Epping Forest,57853,5671,8792,2572,1350,736,31844,2316,652,433,3297,190,2001
East of England,Fenland,37757,3697,24,419,832,347,24003,2843,138,2534,2746,174,2001
East of England,Forest Heath,28298,2421,18,111,575,244,18540,1826,124,1308,2988,143,2001
East of England,Great Yarmouth,37584,3338,23,254,2532,486,21121,2550,218,1815,4365,882,2001
East of England,Harlow,38824,2489,814,1643,1956,451,22734,3140,473,1149,3860,115,2001
East of England,Hertsmere,46003,4695,1574,4790,1875,552,25804,1987,358,497,3696,175,2001
East of England,Huntingdonshire,82325,8050,53,2338,2263,723,53248,5107,198,3622,6437,286,2001
East of England,Ipswich,54091,3616,34,981,5623,821,28140,3940,143,3092,7490,211,2001
East of England,King`s Lynn and West Norfolk,60197,6674,58,553,1508,690,37754,4119,154,3248,5148,291,2001
East of England,Luton,82362,6027,166,3961,6451,707,46412,6477,832,1432,9564,333,2001
East of England,Maldon,28943,3394,52,2111,379,236,18179,1511,84,690,2160,147,2001
East of England,Mid Suffolk,42629,5462,40,760,1191,466,27536,2366,80,1624,2932,172,2001
East of England,North Hertfordshire,58814,5797,106,4887,1455,567,35174,3151,245,1445,5763,224,2001
East of England,North Norfolk,41411,5449,45,364,1187,480,24111,2411,115,2002,4849,398,2001
East of England,Norwich,53606,3567,41,471,4516,795,23489,3322,262,4691,12169,283,2001
East of England,Peterborough,73295,5524,64,1592,4783,751,42282,5769,384,5643,6256,247,2001
East of England,Rochford,37792,3355,64,5755,1454,399,22104,1845,139,505,2055,117,2001
East of England,South Cambridgeshire,69159,7695,72,1835,2771,964,43372,3316,158,4666,3989,321,2001
East of England,South Norfolk,52626,6326,46,391,2273,724,34184,3086,81,2004,3163,348,2001
East of England,Southend-on-Sea,70177,5617,142,9288,4205,713,35852,3811,397,1917,8002,233,2001
East of England,St Albans,65676,6950,371,9784,1755,537,37058,2747,161,925,5152,236,2001
East of England,St Edmundsbury,50181,5081,39,267,1211,537,31340,3542,255,1734,5977,198,2001
East of England,Stevenage,39576,2779,85,2030,2163,494,24065,3152,187,1147,3381,93,2001
East of England,Suffolk Coastal,52327,5937,80,832,1582,835,32851,2838,139,2804,4171,258,2001
East of England,Tendring,53642,5488,85,2654,1427,621,31757,3439,271,2419,5202,279,2001
East of England,Three Rivers,40565,4136,3265,1848,1149,473,24704,1853,198,531,2243,165,2001
East of England,Thurrock,69534,4801,669,9298,3037,1026,40041,4438,505,1165,4341,213,2001
East of England,Uttlesford,35045,4584,158,2670,369,271,21453,1586,111,519,3155,169,2001
East of England,Watford,41648,3261,1109,2979,1774,499,23186,2012,202,941,5560,125,2001
East of England,Waveney,46001,4168,44,443,1868,794,26564,2833,224,3880,4445,738,2001
East of England,Welwyn Hatfield,46157,4131,349,3990,1465,467,26900,2567,240,1269,4605,174,2001
London,Barking and Dagenham,65864,4010,10469,7192,6933,1032,27006,2864,507,1021,4665,165,2001
London,Barnet,145920,15467,33433,7631,12906,1661,59224,4071,898,1351,8772,506,2001
London,Bexley,103629,7537,906,24757,7740,2018,48467,4126,907,1039,5878,254,2001
London,Brent,118704,10886,30793,7328,15273,1139,39643,3222,464,1933,7614,409,2001
London,Bromley,141497,12653,2826,39030,9547,2109,59775,4235,741,1333,8792,456,2001
London,Camden,91868,9860,29596,5299,11480,1250,13703,1073,958,3362,14654,633,2001
London,City of London,4290,432,937,149,214,30,263,14,77,74,2049,51,2001
London,Croydon,156741,13372,6553,32819,18259,2031,62940,4978,756,1615,12705,713,2001
London,Ealing,143766,12256,33620,6892,15376,1642,55957,4170,432,3157,9748,516,2001
London,Enfield,121257,9985,15728,12304,12193,1312,55098,4165,843,1437,7839,353,2001
London,Greenwich,91586,6581,7024,22144,12354,1483,30848,2669,565,1336,6295,287,2001
London,Hackney,79226,6937,14369,5235,20575,1227,16052,1172,577,4940,7811,331,2001
London,Hammersmith and Fulham,83023,7376,31245,3046,8892,1828,14921,857,420,3942,10068,428,2001
London,Haringey,95732,8416,33295,5983,12319,1202,24284,1580,310,2388,5657,298,2001
London,Harrow,97759,9644,19408,4758,6877,742,45321,3124,505,848,6180,352,2001
London,Havering,104537,7500,8067,18600,7381,1379,48864,4188,960,914,6407,277,2001
London,Hillingdon,117044,9624,11327,3583,10327,1433,65142,4766,515,2019,7933,375,2001
London,Hounslow,103623,8667,13112,5671,12314,1448,46771,3479,301,3185,8265,410,2001
London,Islington,79855,6711,22514,3700,15238,1126,12415,1011,990,3770,11972,408,2001
London,Kensington and Chelsea,75571,10259,26358,2074,7951,1278,12748,1094,1465,2130,9529,685,2001
London,Kingston upon Thames,74893,6783,1877,14625,6303,1297,31808,2045,297,2331,7207,320,2001
London,Lambeth,130736,9873,38538,18848,19277,2350,24736,1504,440,5407,9250,513,2001
London,Lewisham,114583,8350,10094,33003,15797,1656,32833,2482,499,2121,7342,406,2001
London,Merton,94943,8052,18905,16184,7513,1422,31369,2087,365,2220,6485,341,2001
London,Newham,86428,7053,26251,8351,10497,728,23324,1956,413,1188,6351,316,2001
London,Redbridge,106114,8967,24530,9970,6696,1180,42604,3253,1451,966,6115,382,2001
London,Richmond upon Thames,89408,9852,7449,16793,6314,1537,34645,1747,229,3493,6881,468,2001
London,Southwark,107868,8313,20228,12694,23848,1642,21939,1620,718,3965,12202,699,2001
London,Sutton,90291,7411,3175,14110,6392,1673,44142,3402,506,1930,7260,290,2001
London,Tower Hamlets,73938,5658,27597,3772,7685,835,12228,1021,786,2213,11667,476,2001
London,Waltham Forest,97777,6735,26849,9326,9300,1155,32126,2553,786,1708,6915,324,2001
London,Wandsworth,141191,10809,39731,25290,14266,3179,28757,1747,474,5498,10863,577,2001
London,Westminster,89472,9906,28420,3253,11071,1123,11809,1103,1453,2496,17969,869,2001
South East,Adur,27166,2458,15,1615,1447,376,16044,1668,93,1083,2265,102,2001
South East,Arun,60400,6326,44,1975,1429,744,36695,3667,354,3058,5808,300,2001
South East,Ashford,48872,5541,53,2620,1409,428,29466,3171,143,1330,4483,228,2001
South East,Aylesbury Vale,86232,9545,134,3260,2010,680,54767,4744,497,1781,8475,339,2001
South East,Basingstoke and Deane,82628,7768,68,3262,3079,730,52556,5407,290,1983,7172,313,2001
South East,Bracknell Forest,60010,5431,53,2133,1565,603,39462,3344,236,1672,5240,271,2001
South East,Brighton and Hove,117551,10870,202,9854,14642,953,50733,5730,623,3168,20162,614,2001
South East,Canterbury,57035,5696,90,2206,1984,579,32213,3650,268,1744,8283,322,2001
South East,Cherwell,70240,6779,60,1177,3465,698,42743,4604,257,2755,7435,267,2001
South East,Chichester,47996,6476,78,1603,918,425,27891,2525,109,2052,5588,331,2001
South East,Chiltern,43123,5691,1991,2590,511,324,26461,1803,114,457,3004,177,2001
South East,Crawley,51470,3667,40,3166,3220,463,31319,3430,427,1507,4034,197,2001
South East,Dartford,42255,3044,95,5902,1944,799,23813,2551,299,477,3217,114,2001
South East,Dover,45040,3864,40,1086,1618,595,26900,3395,449,1216,5586,291,2001
South East,East Hampshire,55117,6472,55,2396,860,527,35345,2849,101,1132,5030,350,2001
South East,Eastbourne,36713,3146,39,1619,2177,341,20228,2422,261,1269,5016,195,2001
South East,Eastleigh,60532,5175,42,1523,2432,966,40537,3631,93,1686,4201,246,2001
South East,Elmbridge,58786,7238,333,9351,1102,863,32595,1926,154,1630,3304,290,2001
South East,Epsom and Ewell,33199,3066,326,5293,902,547,18045,1233,181,812,2661,133,2001
South East,Fareham,54358,4658,42,1577,1487,1002,36058,3137,184,2109,3642,462,2001
South East,Gosport,37295,2530,35,467,2441,866,19595,2310,183,3977,4396,495,2001
South East,Gravesham,43960,3617,86,3453,3641,599,24877,3252,174,563,3520,178,2001
South East,Guildford,67097,6981,124,5695,2140,603,38687,3150,152,1696,7500,369,2001
South East,Hart,45499,4871,58,2451,591,462,30312,1962,96,1208,3204,284,2001
South East,Hastings,35498,3075,36,1532,1925,420,19422,2959,339,534,5111,145,2001
South East,Havant,53011,4293,24,1288,2802,712,33321,3976,384,1993,3972,246,2001
South East,Horsham,61172,7127,54,3452,1171,481,38916,2920,93,1216,5489,253,2001
South East,Isle of Wight,54483,5796,86,633,2144,1065,29508,3240,109,1658,9081,1163,2001
South East,Lewes,41137,4672,39,2511,2266,405,23357,2352,226,679,4461,169,2001
South East,Maidstone,69471,7003,71,4260,2965,603,42182,3954,186,862,7096,289,2001
South East,Medway,119260,9084,194,9369,6519,1578,70078,8515,413,1620,11381,509,2001
South East,Mid Sussex,64744,6920,60,6999,943,536,38244,3286,215,970,6270,301,2001
South East,Milton Keynes,108075,9253,151,3909,5118,1010,67986,8732,871,3265,7405,375,2001
South East,Mole Valley,39164,4954,102,4141,449,382,23274,1595,91,648,3327,201,2001
South East,New Forest,77054,8607,84,1378,1835,1110,50454,4099,137,3293,5384,673,2001
South East,Oxford,60093,5068,116,1079,9814,637,22638,2533,209,8927,8826,246,2001
South East,Portsmouth,87019,5872,76,2094,7471,1104,43922,5690,1131,6160,12894,605,2001
South East,Reading,73600,5452,98,4737,8953,704,35187,3655,218,3028,11306,262,2001
South East,Reigate and Banstead,64184,6475,257,7280,1432,778,38012,2899,379,1021,5382,269,2001
South East,Rother,33380,4725,43,1961,610,337,19585,1863,93,477,3537,149,2001
South East,Runnymede,39037,3700,141,2516,560,477,25170,1695,117,1294,3210,157,2001
South East,Rushmoor,49923,4219,33,2221,1292,691,30597,3051,187,2032,5378,222,2001
South East,Sevenoaks,52029,5948,102,8473,1020,677,28837,2303,206,481,3783,199,2001
South East,Shepway,41815,4192,48,1124,1578,435,24843,3038,230,877,5210,240,2001
South East,Slough,58399,4265,312,2715,2572,517,35611,3965,491,1714,6035,202,2001
South East,South Bucks,30135,3960,389,1734,446,245,19601,1289,95,456,1768,152,2001
South East,South Oxfordshire,66738,7883,99,2869,1821,734,41293,3259,108,2502,5889,281,2001
South East,Southampton,98210,6511,79,1991,11223,1495,52002,6769,372,4226,13063,479,2001
South East,Spelthorne,46924,3998,385,2898,1753,785,30349,1900,134,1452,3108,162,2001
South East,Surrey Heath,42608,4593,61,2029,732,387,28908,1902,83,828,2903,182,2001
South East,Swale,55712,5107,60,3649,1576,673,32896,3775,217,1547,5975,237,2001
South East,Tandridge,39166,4760,99,5266,933,462,22834,1635,133,310,2536,198,2001
South East,Test Valley,57137,5899,57,1293,1655,689,36692,3566,183,1667,5157,279,2001
South East,Thanet,49197,4443,64,1315,2717,662,27461,3809,603,1577,6278,268,2001
South East,Tonbridge and Malling,53038,5282,62,5150,1458,624,31938,2921,127,920,4370,186,2001
South East,Tunbridge Wells,50864,5808,72,6259,1290,401,26889,2619,141,616,6516,253,2001
South East,Vale of White Horse,59832,6241,59,1090,3091,770,36040,3220,69,4031,4981,240,2001
South East,Waverley,56396,7082,81,4709,1217,508,34073,2582,93,977,4764,310,2001
South East,Wealden,64514,8893,81,3560,1501,497,40569,3380,189,725,4810,309,2001
South East,West Berkshire,77568,8501,91,3032,3419,752,48136,4359,151,2071,6712,344,2001
South East,West Oxfordshire,50469,5796,67,765,2340,470,31113,2851,89,2459,4310,209,2001
South East,Winchester,53306,6387,58,2178,1722,528,31335,2620,110,1012,6987,369,2001
South East,Windsor and Maidenhead,68149,7805,214,4320,1198,647,42284,2877,247,1908,6250,399,2001
South East,Woking,46258,4296,103,5445,1022,477,27255,2287,185,1232,3782,174,2001
South East,Wokingham,81279,8675,87,4273,3608,750,52962,3457,162,2153,4878,274,2001
South East,Worthing,44180,3841,31,1968,1284,537,25395,2721,314,2336,5581,172,2001
South East,Wycombe,81954,8931,420,3083,2853,806,52982,4171,164,1196,7068,280,2001
South West,Bath and North East Somerset,80257,8258,80,1951,6163,1106,43561,4522,226,1949,12095,346,2001
South West,Bournemouth,72395,6988,82,1019,5306,1221,42140,4251,252,2892,7911,333,2001
South West,"Bristol, City of",177057,12944,164,1515,22244,2746,89525,11082,550,8108,27607,572,2001
South West,Cheltenham,53099,4641,40,376,2503,637,28972,3059,163,3661,8852,195,2001
South West,Christchurch,18143,1788,17,275,728,256,11710,950,52,824,1460,83,2001
South West,Cornwall,212989,29613,153,1346,5780,3370,124554,14135,842,3618,27427,2151,2001
South West,Cotswold,39280,5842,99,421,537,363,23701,2173,70,1119,4706,249,2001
South West,East Devon,52509,7932,46,945,1354,715,30163,3082,155,1096,6425,596,2001
South West,East Dorset,37060,4556,22,192,577,536,26050,1955,40,1025,1938,169,2001
South West,Exeter,51634,4016,52,462,4998,876,25462,3459,143,2304,9661,201,2001
South West,Forest of Dean,37549,4551,18,135,1091,427,24523,2722,49,500,3335,198,2001
South West,Gloucester,52525,3767,24,228,3433,809,31616,3697,90,3181,5514,166,2001
South West,Isles of Scilly,1270,295,-,4,4,32,224,26,6,152,499,28,2001
South West,Mendip,48881,6295,26,281,817,554,30170,2893,157,1337,6124,227,2001
South West,Mid Devon,32847,5454,22,130,800,426,19161,1931,59,767,3924,173,2001
South West,North Devon,39316,6041,25,106,1217,600,20805,2447,97,1414,6328,236,2001
South West,North Dorset,28730,4052,34,256,400,302,16667,1469,82,725,4583,160,2001
South West,North Somerset,88733,9657,56,1327,4332,1222,55921,5612,300,2260,7722,324,2001
South West,Plymouth,106295,7008,68,363,12694,2282,57205,8316,641,2806,14035,877,2001
South West,Poole,64217,5683,54,715,3308,1121,40322,4084,150,2791,5661,328,2001
South West,Purbeck,20333,2417,17,334,351,328,12412,1237,59,713,2299,166,2001
South West,Sedgemoor,48146,5713,22,185,916,687,29746,2928,121,2992,4594,242,2001
South West,South Gloucestershire,127755,10907,54,826,8291,2300,83580,8062,205,3782,9339,409,2001
South West,South Hams,37003,5843,39,221,827,615,21591,2008,93,426,4953,387,2001
South West,South Somerset,71240,8262,70,303,1321,1108,43594,4308,166,2622,9166,320,2001
South West,Stroud,52389,6312,51,413,1262,650,34449,3258,54,1048,4720,172,2001
South West,Swindon,93953,6657,38,865,7184,1658,55409,6830,531,4777,9712,292,2001
South West,Taunton Deane,48052,5238,35,298,1164,879,27657,2899,93,3190,6338,261,2001
South West,Teignbridge,53228,6828,34,616,1584,867,33132,3359,115,700,5712,281,2001
South West,Tewkesbury,38103,4107,29,156,1673,439,24547,2122,65,1908,2933,124,2001
South West,Torbay,53543,5807,35,270,2437,950,30218,4038,220,831,8371,366,2001
South West,Torridge,25522,4634,10,65,544,370,14083,1740,72,318,3492,194,2001
South West,West Devon,22208,3960,25,143,462,230,12865,1213,62,251,2807,190,2001
South West,West Dorset,39912,6110,65,338,685,498,23103,2152,140,1026,5515,280,2001
South West,West Somerset,14393,2617,17,62,290,137,7395,702,37,486,2543,107,2001
South West,Weymouth and Portland,28263,2430,14,239,2306,613,15670,2069,171,946,3601,204,2001
South West,Wiltshire,217278,24185,278,3790,5985,2586,131430,13092,539,7885,26396,1112,2001
Wales,Anglesey,26167,3260,15,148,598,205,16442,2089,110,448,2610,242,2001
Wales,Blaenau Gwent,25133,1445,3,75,1010,142,15507,3384,201,146,3135,85,2001
Wales,Bridgend,52865,3702,27,596,2201,412,34224,5626,342,502,4972,261,2001
Wales,Caerphilly,67295,4388,26,1806,3592,490,42288,7647,375,466,6008,209,2001
Wales,Cardiff,130270,8691,97,2567,14266,776,72780,9299,549,3514,17196,535,2001
Wales,Carmarthenshire,67558,9742,41,485,1704,482,41940,5641,257,716,6099,451,2001
Wales,Ceredigion,29653,5789,20,97,798,163,16263,2082,95,309,3837,200,2001
Wales,Conwy,43731,5605,29,331,1823,299,26391,3201,218,740,4742,352,2001
Wales,Denbighshire,38277,4426,16,300,1011,232,23446,3205,257,697,4390,297,2001
Wales,Flintshire,69452,5415,40,419,2704,715,47456,5778,421,1189,4988,327,2001
Wales,Gwynedd,46911,6984,20,265,1924,237,26230,3467,179,741,6566,298,2001
Wales,Merthyr Tydfil,19887,1225,4,220,1620,89,11868,2433,125,111,2125,67,2001
Wales,Monmouthshire,38313,4948,24,469,651,367,24645,2551,141,474,3823,220,2001
Wales,Neath Port Talbot,50051,3301,36,485,2442,497,31985,5289,260,674,4794,288,2001
Wales,Newport,56325,3811,36,773,5554,534,34077,4982,286,820,5249,203,2001
Wales,Pembrokeshire,44897,7377,41,169,1353,332,25793,3672,199,364,5190,407,2001
Wales,Powys,56925,11422,35,202,672,336,32126,3461,168,739,7379,385,2001
Wales,"Rhondda, Cynon, Taff",88385,5612,31,2254,4942,553,54458,10898,218,449,8561,409,2001
Wales,Swansea,88111,6655,62,450,6387,678,55159,8344,603,1024,8232,517,2001
Wales,The Vale of Glamorgan,52118,4409,48,2045,2278,514,32968,3975,266,980,4364,271,2001
Wales,Torfaen,36852,2267,23,255,1643,341,24201,3831,309,378,3483,121,2001
Wales,Wrexham,57080,4849,23,208,3149,494,36116,5671,396,908,4989,277,2001
